timestamp,open,high,low,close,volume
2025-06-13,278.2050,279.8400,275.8300,277.2200,3243824
2025-06-12,281.5300,283.0600,279.8300,281.0300,3418007
2025-06-11,276.7000,281.7500,275.1100,281.5200,4656034
2025-06-10,273.1900,277.4700,272.5600,276.2400,5163507
2025-06-09,268.1000,273.4700,266.7100,272.0800,4331464
2025-06-06,267.9900,270.1700,267.5300,268.8700,2495543
2025-06-05,265.2000,267.5100,265.1000,266.8600,2659478
2025-06-04,264.9000,267.0000,264.7900,265.5200,2588741
2025-06-03,263.3500,265.5600,262.5800,265.2000,2494922
2025-06-02,257.8500,263.9760,257.2200,263.9000,2831881
2025-05-30,258.7500,260.1200,257.1000,259.0600,9668923
2025-05-29,260.7500,261.1300,256.7700,258.6900,2295228
2025-05-28,263.1600,265.0000,259.9400,260.2400,2318437
2025-05-27,261.0000,263.7869,259.6300,263.2300,3284216
2025-05-23,258.5800,259.8696,255.7900,258.6300,2722721
2025-05-22,260.7700,261.2711,257.9100,258.3700,3091253
2025-05-21,264.9700,265.6499,260.4100,260.8700,3753904
2025-05-20,267.4000,269.2800,265.6201,266.9500,2437860
2025-05-19,265.4500,269.1350,265.0800,268.4100,3198903
2025-05-16,266.3500,267.9800,264.5900,266.7600,3817937
2025-05-15,259.0100,267.4300,258.6100,266.6800,4856276
2025-05-14,257.6000,260.5500,256.2200,257.8200,3635124
2025-05-13,254.4300,259.5800,252.8800,258.5900,3521389
2025-05-12,252.5000,253.8100,244.6500,253.6900,4609520
2025-05-09,252.5100,253.0000,247.6400,249.2000,2901346
2025-05-08,255.0000,256.5200,253.2500,254.1400,3637012
2025-05-07,249.4500,254.4700,248.8320,253.3700,3400001
2025-05-06,247.7600,250.1900,246.1100,249.1200,2900556
2025-05-05,243.7400,249.8000,243.6400,249.1800,4138168
2025-05-02,243.1250,245.6900,241.3300,245.5500,3731946
2025-05-01,241.4400,242.3700,237.9450,239.6600,4243294
2025-04-30,236.7300,242.4700,234.3401,241.8200,5142993
2025-04-29,237.0000,239.9800,236.1400,239.3900,3426508
2025-04-28,232.8600,236.6300,232.0700,236.1600,3653461
2025-04-25,228.9500,233.3600,226.3200,232.4100,6700068
2025-04-24,231.1750,232.7800,224.4401,229.3300,15428144
2025-04-23,246.0000,249.3400,243.6600,245.4800,7948259
2025-04-22,238.5000,242.6400,238.0200,240.9000,4232658
2025-04-21,238.0650,240.8050,232.9300,236.2200,4908923
2025-04-17,239.6800,241.7750,237.4000,238.8100,4635204
2025-04-16,240.2800,243.2999,235.8900,238.5700,4870299
2025-04-15,239.5500,241.5300,238.2700,240.7000,3363708
2025-04-14,239.7700,241.7700,236.7300,239.0600,3321717
2025-04-11,229.7200,237.5800,227.5100,235.4800,4325895
2025-04-10,231.0000,232.5700,222.0200,229.5500,5656108
2025-04-09,217.1200,236.3000,215.1636,235.3100,7302808
2025-04-08,232.5600,233.0500,217.2800,221.0300,6849996
2025-04-07,219.2400,232.2900,214.5000,225.7800,7797889
2025-04-04,238.0000,240.1600,226.8800,227.4800,7407096
2025-04-03,242.7100,250.6100,242.5300,243.4900,5309626
2025-04-02,248.2200,252.7900,247.2300,249.9800,4080832
2025-04-01,248.0300,250.6200,243.4900,250.3400,4413139
2025-03-31,242.7400,250.8900,242.4900,248.6600,6794972
2025-03-28,246.2700,247.5700,242.0700,244.0000,3125594
2025-03-27,249.7100,250.3000,245.7250,246.2100,2889328
2025-03-26,251.2500,254.3200,249.5300,250.3400,4452220
2025-03-25,248.3600,250.9000,248.2000,249.9000,3133809
2025-03-24,247.3100,248.8200,245.9650,248.4500,4753331
2025-03-21,241.6900,245.2050,238.5000,243.8700,9580084
2025-03-20,244.2400,246.8000,237.2240,243.3200,7026796
2025-03-19,248.3300,253.6600,246.6400,252.2900,3853598
2025-03-18,252.5100,252.5700,245.1200,246.9500,4172239
2025-03-17,249.2500,254.6300,249.0000,252.9700,3234149
2025-03-14,242.7450,248.9499,241.6800,248.3500,4045284
2025-03-13,248.8000,249.2700,243.0400,245.8000,3862416
2025-03-12,250.3500,253.1273,245.5300,249.6300,3849206
2025-03-11,255.9900,256.7000,245.8600,248.9500,5630570
2025-03-10,261.5600,266.4500,254.7500,256.9000,8126234
2025-03-07,245.9500,261.9600,245.1823,261.5400,6700184
2025-03-06,249.7500,252.1000,246.8019,248.6900,3254358
2025-03-05,251.5800,252.7400,247.0146,251.3500,4009813
2025-03-04,248.7500,255.4800,248.1000,253.2100,5342106
2025-03-03,254.7350,255.9900,248.2450,250.1900,2977699
2025-02-28,250.8550,252.8099,246.5400,252.4400,7988809
2025-02-27,255.2200,257.6300,253.0500,253.2300,3402234
2025-02-26,258.1000,258.3250,254.4104,255.8400,3460124
2025-02-25,261.0800,263.4800,256.7700,257.7500,6292487
2025-02-24,261.5000,263.8450,259.5800,261.8700,4398107
2025-02-21,263.8450,264.8300,261.1000,261.4800,5667874
2025-02-20,263.6500,265.0900,262.1500,264.7400,4884805
2025-02-19,262.0000,264.3600,260.0900,264.3200,3718678
2025-02-18,261.9300,263.9650,259.8300,263.0700,4262812
2025-02-14,259.0000,261.9400,257.9100,261.2800,3925277
2025-02-13,255.6600,259.2800,254.4100,259.1900,4531538
2025-02-12,252.7200,256.4000,252.0200,255.8100,3075308
2025-02-11,251.1000,256.7500,250.5800,254.7000,4801550
2025-02-10,250.8600,251.9500,246.8700,249.2700,3564400
2025-02-07,255.2800,256.9300,252.0200,252.3400,3370284
2025-02-06,262.9800,263.3800,252.7300,253.4400,6128293
2025-02-05,265.7100,265.7200,261.1800,263.3000,6165096
2025-02-04,260.0000,265.2500,258.1233,264.4600,6077652
2025-02-03,252.4000,262.0600,251.8400,260.7300,8408523
2025-01-31,256.0500,257.2350,251.8900,255.7000,7203519
2025-01-30,250.0000,261.8000,247.0100,258.2700,15381890
2025-01-29,225.6200,229.4700,223.7300,228.6300,7079804
2025-01-28,224.3200,225.7700,221.7700,225.6600,4485429
2025-01-27,222.1900,224.3000,219.8400,224.1300,4898355
2025-01-24,225.2700,226.8104,223.8000,224.8000,3233293
2025-01-23,223.9400,226.0400,223.1500,226.0400,3619651
2025-01-22,221.9800,224.4000,220.3500,223.2600,4759490
